recording,diphone,source,word,previous,next,start,end,duration,pitch,rms,duration_z,pitch_z,rms_z
a0077_16,iy-pau,a0077,<UNK>,l-iy,pau-sh,1.708875,1.83075,0.121875,0,0.009976121928,1.821730069,-0.5126636254,0.02812699629
a0254_0,pau-s,a0254,straight,None,s-t,0.090125,0.202625,0.1125,0,0.02944941276,-0.3469504349,-2.013404172,-1.938327033
a0408_41,s-iy,a0408,<UNK>,ax-s,iy-dh,2.846375,2.921375,0.075,0,0.07614631968,-0.7414771856,-2.90104117,-0.8141775957
a0438_4,s-iy,a0438,sea,t-s,iy-pau,0.7245,0.9495,0.225,171.5860963,0.05276475214,1.717868264,0.0318281068,-1.183512179
a0438_5,iy-pau,a0438,<UNK>,s-iy,pau-m,0.9495,1.040125,0.090625,191.252131,0.03047830786,0.1529697005,1.991365952,1.123251904
b0302_7,pau-s,b0302,suddenly,d-pau,s-ah,0.958875,1.08075,0.121875,205.9466626,0.1038760392,0.03558465999,0.177762488,-0.2372084262
b0471_20,s-iy,b0471,chauncey,n-s,iy-d,2.312,2.371375,0.059375,174.3258574,0.09972866202,-0.9976590033,0.07865801533,-0.4416715799